employee_id,first_name,last_name,age,email,phone,remote_work,employee_key
EMP1000,Bob,Davis,25.0,bob.davis@example.com,1651-623-197,True,1
EMP1001,Bob,Brown,,bob.brown@example.com,1898-471-390,True,2
EMP1002,Alice,Jones,,alice.jones@example.com,5596-363-211,True,3
EMP1003,Eva,Davis,25.0,eva.davis@example.com,3476-490-784,True,4
EMP1004,Frank,Williams,25.0,frank.williams@example.com,1586-734-256,False,5
EMP1005,Alice,Garcia,40.0,alice.garcia@example.com,5409-003-485,False,6
EMP1006,Frank,Jones,,frank.jones@example.com,4518-376-063,False,7
EMP1007,Bob,Jones,30.0,bob.jones@example.com,4134-327-559,True,8
EMP1008,Frank,Davis,35.0,frank.davis@example.com,4177-656-123,True,9
EMP1009,Charlie,Johnson,,charlie.johnson@example.com,8156-985-699,True,10
EMP1010,David,Williams,35.0,david.williams@example.com,2720-634-590,False,11
EMP1011,David,Davis,,david.davis@example.com,1238-296-576,True,12
EMP1012,Heidi,Williams,30.0,heidi.williams@example.com,2429-543-164,False,13
EMP1013,Grace,Williams,,grace.williams@example.com,2669-300-892,False,14
EMP1014,Alice,Garcia,25.0,alice.garcia@example.com,1734-206-968,True,15
EMP1015,Grace,Jones,40.0,grace.jones@example.com,4215-291-085,True,16
EMP1016,Alice,Brown,25.0,alice.brown@example.com,7713-334-475,False,17
EMP1017,Grace,Garcia,30.0,grace.garcia@example.com,2639-343-625,True,18
EMP1018,Charlie,Garcia,,charlie.garcia@example.com,2044-397-358,False,19
EMP1019,Charlie,Williams,35.0,charlie.williams@example.com,7107-256-365,True,20
EMP1020,Bob,Miller,35.0,bob.miller@example.com,9411-800-536,True,21
EMP1021,Bob,Jones,40.0,bob.jones@example.com,5990-048-963,False,22
EMP1022,Charlie,Johnson,35.0,charlie.johnson@example.com,6528-092-427,True,23
EMP1023,David,Garcia,35.0,david.garcia@example.com,7572-158-623,False,24
EMP1024,Bob,Brown,30.0,bob.brown@example.com,1502-745-643,True,25
EMP1025,David,Miller,25.0,david.miller@example.com,9485-625-727,False,26
EMP1026,Frank,Miller,25.0,frank.miller@example.com,7032-032-073,False,27
EMP1027,Heidi,Johnson,30.0,heidi.johnson@example.com,2761-707-586,True,28
EMP1028,Grace,Garcia,40.0,grace.garcia@example.com,7712-151-341,False,29
EMP1029,Alice,Brown,40.0,alice.brown@example.com,2849-939-088,True,30
EMP1030,Charlie,Jones,40.0,charlie.jones@example.com,2613-715-040,True,31
EMP1031,Bob,Smith,25.0,bob.smith@example.com,6591-520-176,True,32
EMP1032,Charlie,Brown,40.0,charlie.brown@example.com,7490-509-758,False,33
EMP1033,Grace,Johnson,25.0,grace.johnson@example.com,2304-501-895,False,34
EMP1034,Heidi,Miller,30.0,heidi.miller@example.com,1642-361-031,True,35
EMP1035,Frank,Jones,25.0,frank.jones@example.com,6642-147-648,True,36
EMP1036,Alice,Brown,,alice.brown@example.com,2515-837-766,False,37
EMP1037,Grace,Smith,25.0,grace.smith@example.com,4996-165-925,True,38
EMP1038,Frank,Smith,35.0,frank.smith@example.com,6108-573-277,True,39
EMP1039,Eva,Williams,40.0,eva.williams@example.com,8147-617-421,False,40
EMP1040,Bob,Williams,25.0,bob.williams@example.com,4386-490-809,True,41
EMP1041,Bob,Davis,30.0,bob.davis@example.com,8186-617-944,False,42
EMP1042,Alice,Johnson,,alice.johnson@example.com,4918-017-225,True,43
EMP1043,Bob,Garcia,,bob.garcia@example.com,1645-977-93,False,44
EMP1044,Eva,Brown,,eva.brown@example.com,5232-194-167,True,45
EMP1045,Alice,Brown,25.0,alice.brown@example.com,6102-776-8,True,46
EMP1046,Grace,Garcia,,grace.garcia@example.com,7499-564-121,False,47
EMP1047,Alice,Davis,35.0,alice.davis@example.com,3103-037-22,True,48
EMP1048,Alice,Miller,35.0,alice.miller@example.com,6831-472-759,False,49
EMP1049,Grace,Miller,,grace.miller@example.com,1227-770-792,True,50
EMP1050,Charlie,Davis,40.0,charlie.davis@example.com,3496-050-165,False,51
EMP1051,David,Miller,35.0,david.miller@example.com,7998-407-677,False,52
EMP1052,David,Williams,30.0,david.williams@example.com,9973-080-694,False,53
EMP1053,Alice,Brown,30.0,alice.brown@example.com,8146-717-956,False,54
EMP1054,Frank,Davis,,frank.davis@example.com,6024-375-737,True,55
EMP1055,Eva,Brown,30.0,eva.brown@example.com,3959-724-664,True,56
EMP1056,Frank,Garcia,40.0,frank.garcia@example.com,7293-417-222,False,57
EMP1057,Alice,Smith,40.0,alice.smith@example.com,2971-674-337,False,58
EMP1058,David,Williams,35.0,david.williams@example.com,5452-280-0,False,59
EMP1059,Bob,Jones,35.0,bob.jones@example.com,5619-318-373,True,60
EMP1060,Charlie,Williams,30.0,charlie.williams@example.com,5508-428-909,True,61
EMP1061,Eva,Davis,40.0,eva.davis@example.com,7711-991-807,True,62
EMP1062,Frank,Jones,40.0,frank.jones@example.com,1213-524-786,True,63
EMP1063,Charlie,Smith,25.0,charlie.smith@example.com,1255-213-759,False,64
EMP1064,David,Davis,35.0,david.davis@example.com,3754-821-455,False,65
EMP1065,Bob,Johnson,40.0,bob.johnson@example.com,5328-632-665,False,66
EMP1066,Grace,Brown,30.0,grace.brown@example.com,7850-720-810,True,67
EMP1067,Bob,Smith,40.0,bob.smith@example.com,5562-606-028,True,68
EMP1068,Bob,Brown,40.0,bob.brown@example.com,8466-845-49,True,69
EMP1069,Heidi,Miller,,heidi.miller@example.com,4892-673-898,False,70
EMP1070,Charlie,Johnson,40.0,charlie.johnson@example.com,7563-410-855,False,71
EMP1071,Heidi,Johnson,30.0,heidi.johnson@example.com,2884-318-847,True,72
EMP1072,Frank,Smith,,frank.smith@example.com,5200-894-345,False,73
EMP1073,David,Johnson,25.0,david.johnson@example.com,8105-485-100,True,74
EMP1074,Grace,Jones,40.0,grace.jones@example.com,7490-753-997,True,75
EMP1075,Heidi,Johnson,25.0,heidi.johnson@example.com,9354-492-682,False,76
EMP1076,David,Brown,40.0,david.brown@example.com,1589-357-125,True,77
EMP1077,Grace,Brown,30.0,grace.brown@example.com,6110-627-370,False,78
EMP1078,Alice,Davis,25.0,alice.davis@example.com,5869-886-496,True,79
EMP1079,Grace,Brown,35.0,grace.brown@example.com,6776-228-276,False,80
EMP1080,Grace,Davis,35.0,grace.davis@example.com,2881-377-027,False,81
EMP1081,Frank,Brown,30.0,frank.brown@example.com,5196-115-939,False,82
EMP1082,David,Jones,25.0,david.jones@example.com,8215-454-469,True,83
EMP1083,David,Garcia,40.0,david.garcia@example.com,2296-044-326,True,84
EMP1084,Bob,Davis,30.0,bob.davis@example.com,1851-067-93,False,85
EMP1085,Grace,Williams,40.0,grace.williams@example.com,9756-792-286,False,86
EMP1086,Bob,Miller,35.0,bob.miller@example.com,7725-199-662,True,87
EMP1087,Frank,Smith,,frank.smith@example.com,6580-741-208,True,88
EMP1088,Grace,Brown,40.0,grace.brown@example.com,4818-139-889,True,89
EMP1089,Charlie,Johnson,40.0,charlie.johnson@example.com,9837-801-819,False,90
EMP1090,Heidi,Garcia,40.0,heidi.garcia@example.com,4339-718-955,True,91
EMP1091,Bob,Brown,35.0,bob.brown@example.com,9070-562-607,True,92
EMP1092,Alice,Johnson,40.0,alice.johnson@example.com,5641-118-241,False,93
EMP1093,Eva,Miller,,eva.miller@example.com,2412-462-094,True,94
EMP1094,David,Miller,40.0,david.miller@example.com,2004-615-264,True,95
EMP1095,Heidi,Miller,25.0,heidi.miller@example.com,4610-339-936,True,96
EMP1096,Frank,Johnson,40.0,frank.johnson@example.com,8861-405-785,False,97
EMP1097,Frank,Brown,40.0,frank.brown@example.com,1706-304-890,False,98
EMP1098,Bob,Miller,,bob.miller@example.com,3824-967-182,False,99
EMP1099,Eva,Jones,25.0,eva.jones@example.com,2582-386-869,False,100
EMP1100,Charlie,Davis,35.0,charlie.davis@example.com,7942-007-48,False,101
EMP1101,Heidi,Johnson,25.0,heidi.johnson@example.com,4653-984-027,False,102
EMP1102,Alice,Johnson,35.0,alice.johnson@example.com,9141-612-845,False,103
EMP1103,Alice,Brown,30.0,alice.brown@example.com,3985-547-434,True,104
EMP1104,Grace,Johnson,,grace.johnson@example.com,5379-502-096,True,105
EMP1105,Heidi,Johnson,35.0,heidi.johnson@example.com,2687-681-0,False,106
EMP1106,Bob,Miller,30.0,bob.miller@example.com,8071-569-561,True,107
EMP1107,Bob,Brown,30.0,bob.brown@example.com,1753-703-03,True,108
EMP1108,David,Miller,35.0,david.miller@example.com,5319-433-749,False,109
EMP1109,Eva,Davis,,eva.davis@example.com,4793-036-148,True,110
EMP1110,Eva,Garcia,30.0,eva.garcia@example.com,8728-399-920,True,111
EMP1111,Eva,Davis,40.0,eva.davis@example.com,9212-493-842,True,112
EMP1112,Heidi,Garcia,40.0,heidi.garcia@example.com,8948-706-04,True,113
EMP1113,Eva,Miller,25.0,eva.miller@example.com,6641-877-579,True,114
EMP1114,Alice,Davis,35.0,alice.davis@example.com,3046-875-062,False,115
EMP1115,Eva,Brown,30.0,eva.brown@example.com,5190-361-331,False,116
EMP1116,Frank,Smith,40.0,frank.smith@example.com,5411-076-094,False,117
EMP1117,Heidi,Miller,35.0,heidi.miller@example.com,4317-350-582,True,118
EMP1118,Frank,Garcia,25.0,frank.garcia@example.com,1997-179-109,False,119
EMP1119,Alice,Jones,30.0,alice.jones@example.com,6512-070-48,True,120
EMP1120,Alice,Garcia,30.0,alice.garcia@example.com,6110-804-660,True,121
EMP1121,Bob,Jones,25.0,bob.jones@example.com,9639-907-675,True,122
EMP1122,Grace,Johnson,25.0,grace.johnson@example.com,9915-078-592,True,123
EMP1123,Eva,Davis,,eva.davis@example.com,1109-193-927,False,124
EMP1124,Heidi,Jones,,heidi.jones@example.com,4567-972-319,False,125
EMP1125,Bob,Garcia,35.0,bob.garcia@example.com,2496-854-97,True,126
EMP1126,Eva,Johnson,,eva.johnson@example.com,2274-954-507,False,127
EMP1127,Frank,Smith,35.0,frank.smith@example.com,9203-880-652,True,128
EMP1128,David,Brown,,david.brown@example.com,3315-377-958,False,129
EMP1129,Grace,Brown,40.0,grace.brown@example.com,9594-652-169,False,130
EMP1130,Frank,Brown,25.0,frank.brown@example.com,7303-379-336,True,131
EMP1131,Charlie,Jones,25.0,charlie.jones@example.com,5636-205-014,False,132
EMP1132,Frank,Smith,,frank.smith@example.com,8124-739-49,True,133
EMP1133,Alice,Jones,,alice.jones@example.com,3342-342-57,False,134
EMP1134,Bob,Davis,40.0,bob.davis@example.com,3230-241-025,True,135
EMP1135,Eva,Jones,25.0,eva.jones@example.com,1534-735-527,True,136
EMP1136,David,Smith,,david.smith@example.com,9611-223-385,False,137
EMP1137,Grace,Smith,,grace.smith@example.com,5596-309-937,False,138
EMP1138,Eva,Davis,40.0,eva.davis@example.com,4253-042-896,True,139
EMP1139,Charlie,Smith,25.0,charlie.smith@example.com,3179-128-684,False,140
EMP1140,Eva,Garcia,40.0,eva.garcia@example.com,7872-558-776,False,141
EMP1141,Frank,Smith,,frank.smith@example.com,4969-033-372,True,142
EMP1142,Eva,Brown,25.0,eva.brown@example.com,6346-692-547,True,143
EMP1143,Eva,Garcia,30.0,eva.garcia@example.com,1214-785-389,False,144
EMP1144,Charlie,Garcia,25.0,charlie.garcia@example.com,7895-677-664,True,145
EMP1145,Frank,Davis,30.0,frank.davis@example.com,7546-027-340,True,146
EMP1146,Frank,Williams,,frank.williams@example.com,5148-881-430,True,147
EMP1147,Eva,Williams,35.0,eva.williams@example.com,1150-835-353,False,148
EMP1148,Grace,Smith,,grace.smith@example.com,4439-284-043,False,149
EMP1149,Frank,Garcia,35.0,frank.garcia@example.com,5669-078-262,True,150
EMP1150,Alice,Williams,,alice.williams@example.com,3373-898-774,False,151
EMP1151,Heidi,Williams,35.0,heidi.williams@example.com,1536-637-779,True,152
EMP1152,Heidi,Smith,25.0,heidi.smith@example.com,5292-407-552,False,153
EMP1153,Grace,Williams,,grace.williams@example.com,6668-459-089,True,154
EMP1154,Heidi,Jones,,heidi.jones@example.com,2259-999-662,True,155
EMP1155,David,Johnson,35.0,david.johnson@example.com,6186-371-596,False,156
EMP1156,Alice,Davis,40.0,alice.davis@example.com,4121-820-969,True,157
EMP1157,David,Johnson,,david.johnson@example.com,2316-433-480,False,158
EMP1158,David,Smith,25.0,david.smith@example.com,7058-025-661,False,159
EMP1159,Charlie,Brown,,charlie.brown@example.com,1286-716-322,True,160
EMP1160,Bob,Davis,25.0,bob.davis@example.com,4672-994-937,True,161
EMP1161,Alice,Smith,30.0,alice.smith@example.com,7430-271-692,False,162
EMP1162,Bob,Garcia,40.0,bob.garcia@example.com,8597-779-013,True,163
EMP1163,Alice,Brown,,alice.brown@example.com,7546-926-328,True,164
EMP1164,Grace,Johnson,40.0,grace.johnson@example.com,6762-916-031,True,165
EMP1165,Bob,Smith,35.0,bob.smith@example.com,4841-376-814,True,166
EMP1166,Frank,Garcia,40.0,frank.garcia@example.com,1185-672-437,True,167
EMP1167,Bob,Davis,,bob.davis@example.com,7017-656-35,False,168
EMP1168,Heidi,Davis,40.0,heidi.davis@example.com,4125-777-0,False,169
EMP1169,Frank,Miller,30.0,frank.miller@example.com,1837-274-219,True,170
EMP1170,Bob,Garcia,35.0,bob.garcia@example.com,9124-186-209,True,171
EMP1171,Bob,Jones,40.0,bob.jones@example.com,4275-230-836,True,172
EMP1172,Eva,Williams,,eva.williams@example.com,8164-708-99,False,173
EMP1173,Heidi,Brown,30.0,heidi.brown@example.com,6335-331-059,True,174
EMP1174,David,Garcia,40.0,david.garcia@example.com,5313-122-05,False,175
EMP1175,Eva,Miller,25.0,eva.miller@example.com,8155-839-385,False,176
EMP1176,Alice,Williams,30.0,alice.williams@example.com,6133-155-205,False,177
EMP1177,Alice,Williams,25.0,alice.williams@example.com,5063-731-494,True,178
EMP1178,Frank,Smith,35.0,frank.smith@example.com,1364-971-88,False,179
EMP1179,Charlie,Williams,,charlie.williams@example.com,2419-562-524,True,180
EMP1180,Heidi,Jones,40.0,heidi.jones@example.com,7150-997-682,False,181
EMP1181,Heidi,Davis,,heidi.davis@example.com,8903-091-435,True,182
EMP1182,Alice,Miller,30.0,alice.miller@example.com,3910-257-431,False,183
EMP1183,Alice,Williams,40.0,alice.williams@example.com,6303-975-244,True,184
EMP1184,Frank,Smith,25.0,frank.smith@example.com,8640-355-32,False,185
EMP1185,Frank,Jones,,frank.jones@example.com,8033-968-526,True,186
EMP1186,Grace,Johnson,25.0,grace.johnson@example.com,1713-023-20,True,187
EMP1187,Bob,Davis,40.0,bob.davis@example.com,2983-381-673,True,188
EMP1188,Eva,Davis,35.0,eva.davis@example.com,2336-293-448,True,189
EMP1189,David,Miller,35.0,david.miller@example.com,7347-156-626,False,190
EMP1190,Eva,Davis,30.0,eva.davis@example.com,7689-627-065,False,191
EMP1191,Heidi,Williams,40.0,heidi.williams@example.com,1498-282-466,True,192
EMP1192,Frank,Smith,35.0,frank.smith@example.com,4746-897-151,False,193
EMP1193,Eva,Davis,,eva.davis@example.com,7323-008-575,True,194
EMP1194,Alice,Davis,35.0,alice.davis@example.com,6656-749-159,True,195
EMP1195,Grace,Johnson,40.0,grace.johnson@example.com,1692-364-586,False,196
EMP1196,David,Johnson,35.0,david.johnson@example.com,5066-337-049,True,197
EMP1197,Frank,Brown,25.0,frank.brown@example.com,2497-243-991,True,198
EMP1198,Heidi,Jones,,heidi.jones@example.com,1166-918-35,False,199
EMP1199,Grace,Williams,35.0,grace.williams@example.com,2644-886-945,True,200
EMP1200,Frank,Davis,25.0,frank.davis@example.com,1195-243-639,True,201
EMP1201,Charlie,Garcia,35.0,charlie.garcia@example.com,2701-168-645,True,202
EMP1202,Grace,Davis,30.0,grace.davis@example.com,2252-237-280,True,203
EMP1203,Frank,Smith,30.0,frank.smith@example.com,7932-302-345,False,204
EMP1204,Grace,Brown,,grace.brown@example.com,7912-141-613,False,205
EMP1205,Heidi,Jones,30.0,heidi.jones@example.com,1509-377-099,False,206
EMP1206,Alice,Garcia,35.0,alice.garcia@example.com,4090-138-068,True,207
EMP1207,Charlie,Brown,40.0,charlie.brown@example.com,8477-596-554,True,208
EMP1208,Eva,Miller,40.0,eva.miller@example.com,5356-690-550,False,209
EMP1209,David,Jones,35.0,david.jones@example.com,7620-918-42,True,210
EMP1210,Grace,Davis,30.0,grace.davis@example.com,5797-863-049,True,211
EMP1211,Frank,Davis,,frank.davis@example.com,5057-397-690,True,212
EMP1212,Charlie,Jones,35.0,charlie.jones@example.com,5671-649-327,True,213
EMP1213,David,Davis,40.0,david.davis@example.com,9802-714-871,False,214
EMP1214,Grace,Williams,25.0,grace.williams@example.com,7178-333-210,False,215
EMP1215,Frank,Jones,30.0,frank.jones@example.com,6025-643-470,False,216
EMP1216,Heidi,Brown,40.0,heidi.brown@example.com,2871-539-914,True,217
EMP1217,Grace,Jones,25.0,grace.jones@example.com,6686-334-140,False,218
EMP1218,Heidi,Garcia,25.0,heidi.garcia@example.com,1159-319-524,False,219
EMP1219,David,Davis,30.0,david.davis@example.com,6904-098-365,True,220
EMP1220,Charlie,Williams,25.0,charlie.williams@example.com,5528-993-159,True,221
EMP1221,Alice,Williams,40.0,alice.williams@example.com,8752-437-728,False,222
EMP1222,Alice,Miller,35.0,alice.miller@example.com,4209-548-148,False,223
EMP1223,Frank,Brown,30.0,frank.brown@example.com,7374-605-232,False,224
EMP1224,Heidi,Johnson,40.0,heidi.johnson@example.com,2764-208-64,False,225
EMP1225,Alice,Johnson,35.0,alice.johnson@example.com,6756-618-442,True,226
EMP1226,Grace,Jones,,grace.jones@example.com,8612-590-471,False,227
EMP1227,Alice,Miller,35.0,alice.miller@example.com,9277-423-329,False,228
EMP1228,Grace,Smith,35.0,grace.smith@example.com,5912-662-014,True,229
EMP1229,Eva,Jones,25.0,eva.jones@example.com,7201-859-625,False,230
EMP1230,Eva,Miller,35.0,eva.miller@example.com,3013-674-925,True,231
EMP1231,Grace,Brown,30.0,grace.brown@example.com,1764-750-110,True,232
EMP1232,Frank,Brown,,frank.brown@example.com,1783-099-973,True,233
EMP1233,Grace,Brown,35.0,grace.brown@example.com,1926-764-920,False,234
EMP1234,Heidi,Brown,25.0,heidi.brown@example.com,5182-606-887,False,235
EMP1235,Alice,Brown,,alice.brown@example.com,7189-813-128,True,236
EMP1236,Charlie,Miller,,charlie.miller@example.com,2087-510-292,False,237
EMP1237,Alice,Miller,30.0,alice.miller@example.com,2184-011-844,False,238
EMP1238,Heidi,Williams,30.0,heidi.williams@example.com,8260-340-847,True,239
EMP1239,Bob,Garcia,40.0,bob.garcia@example.com,7297-585-987,True,240
EMP1240,Frank,Johnson,35.0,frank.johnson@example.com,3103-032-431,False,241
EMP1241,Charlie,Davis,30.0,charlie.davis@example.com,9839-542-960,True,242
EMP1242,David,Brown,40.0,david.brown@example.com,8446-267-145,False,243
EMP1243,Charlie,Smith,,charlie.smith@example.com,2831-435-988,False,244
EMP1244,Grace,Davis,40.0,grace.davis@example.com,2625-660-930,False,245
EMP1245,Frank,Miller,30.0,frank.miller@example.com,4181-861-514,False,246
EMP1246,Alice,Smith,25.0,alice.smith@example.com,5423-401-635,True,247
EMP1247,David,Smith,35.0,david.smith@example.com,1128-497-184,True,248
EMP1248,Eva,Smith,30.0,eva.smith@example.com,9484-910-255,True,249
EMP1249,Charlie,Williams,30.0,charlie.williams@example.com,2588-967-923,True,250
EMP1250,Alice,Miller,25.0,alice.miller@example.com,8222-694-04,False,251
EMP1251,Grace,Smith,,grace.smith@example.com,3967-275-783,False,252
EMP1252,Eva,Brown,40.0,eva.brown@example.com,4683-414-650,True,253
EMP1253,Charlie,Jones,40.0,charlie.jones@example.com,1131-290-147,False,254
EMP1254,Frank,Smith,35.0,frank.smith@example.com,7068-277-880,False,255
EMP1255,Heidi,Williams,25.0,heidi.williams@example.com,6093-068-537,False,256
EMP1256,Grace,Davis,,grace.davis@example.com,9097-283-214,True,257
EMP1257,Frank,Miller,30.0,frank.miller@example.com,2850-676-250,True,258
EMP1258,Alice,Garcia,25.0,alice.garcia@example.com,5381-447-442,True,259
EMP1259,Alice,Williams,35.0,alice.williams@example.com,9634-807-96,False,260
EMP1260,Bob,Smith,40.0,bob.smith@example.com,5097-545-09,True,261
EMP1261,Grace,Miller,25.0,grace.miller@example.com,5265-016-730,True,262
EMP1262,Heidi,Jones,,heidi.jones@example.com,8826-170-242,True,263
EMP1263,Grace,Smith,35.0,grace.smith@example.com,7654-562-840,True,264
EMP1264,Grace,Williams,,grace.williams@example.com,7722-560-530,True,265
EMP1265,Heidi,Johnson,30.0,heidi.johnson@example.com,3402-665-022,True,266
EMP1266,Grace,Brown,,grace.brown@example.com,7416-787-255,False,267
EMP1267,Heidi,Garcia,,heidi.garcia@example.com,8621-102-257,False,268
EMP1268,Grace,Davis,,grace.davis@example.com,3056-906-73,True,269
EMP1269,David,Williams,25.0,david.williams@example.com,4716-392-822,True,270
EMP1270,Grace,Miller,30.0,grace.miller@example.com,4143-637-188,False,271
EMP1271,Alice,Garcia,40.0,alice.garcia@example.com,2392-312-603,False,272
EMP1272,Heidi,Garcia,25.0,heidi.garcia@example.com,3260-931-065,True,273
EMP1273,Heidi,Garcia,,heidi.garcia@example.com,8433-567-085,True,274
EMP1274,Frank,Smith,35.0,frank.smith@example.com,4145-456-34,True,275
EMP1275,Eva,Brown,35.0,eva.brown@example.com,2000-534-73,True,276
EMP1276,Eva,Smith,35.0,eva.smith@example.com,9162-475-540,False,277
EMP1277,Frank,Miller,30.0,frank.miller@example.com,1082-555-988,True,278
EMP1278,Eva,Smith,40.0,eva.smith@example.com,5343-961-128,True,279
EMP1279,Charlie,Johnson,25.0,charlie.johnson@example.com,1093-371-188,True,280
EMP1280,David,Brown,30.0,david.brown@example.com,5473-820-235,True,281
EMP1281,Charlie,Brown,25.0,charlie.brown@example.com,8485-571-616,False,282
EMP1282,Heidi,Miller,30.0,heidi.miller@example.com,6880-294-239,False,283
EMP1283,David,Davis,,david.davis@example.com,9036-788-126,False,284
EMP1284,Alice,Johnson,40.0,alice.johnson@example.com,8686-694-319,True,285
EMP1285,Alice,Williams,35.0,alice.williams@example.com,2939-087-883,True,286
EMP1286,Heidi,Smith,30.0,heidi.smith@example.com,4344-812-307,False,287
EMP1287,Heidi,Jones,35.0,heidi.jones@example.com,3402-424-032,True,288
EMP1288,David,Smith,30.0,david.smith@example.com,8105-955-183,True,289
EMP1289,Grace,Garcia,25.0,grace.garcia@example.com,2694-500-533,False,290
EMP1290,Grace,Smith,30.0,grace.smith@example.com,2408-916-497,False,291
EMP1291,Eva,Williams,35.0,eva.williams@example.com,3735-439-626,False,292
EMP1292,Grace,Smith,,grace.smith@example.com,3652-717-271,False,293
EMP1293,Frank,Johnson,,frank.johnson@example.com,2397-240-421,True,294
EMP1294,Frank,Johnson,40.0,frank.johnson@example.com,6931-216-375,True,295
EMP1295,David,Brown,30.0,david.brown@example.com,1820-916-600,False,296
EMP1296,Bob,Miller,,bob.miller@example.com,2314-289-9,True,297
EMP1297,Charlie,Davis,35.0,charlie.davis@example.com,1851-327-971,False,298
EMP1298,Bob,Jones,,bob.jones@example.com,4572-308-480,False,299
EMP1299,Alice,Garcia,,alice.garcia@example.com,1841-861-9,True,300
EMP1300,Alice,Smith,30.0,alice.smith@example.com,3036-625-435,False,301
EMP1301,Alice,Smith,25.0,alice.smith@example.com,1721-314-518,True,302
EMP1302,Grace,Williams,35.0,grace.williams@example.com,5151-092-267,True,303
EMP1303,Charlie,Miller,35.0,charlie.miller@example.com,5926-249-450,True,304
EMP1304,David,Johnson,25.0,david.johnson@example.com,4754-102-251,True,305
EMP1305,Grace,Jones,30.0,grace.jones@example.com,6771-196-420,False,306
EMP1306,Bob,Brown,25.0,bob.brown@example.com,5226-557-675,True,307
EMP1307,David,Johnson,30.0,david.johnson@example.com,9523-668-787,False,308
EMP1308,Alice,Garcia,30.0,alice.garcia@example.com,7883-619-688,False,309
EMP1309,Alice,Miller,30.0,alice.miller@example.com,3135-030-586,False,310
EMP1310,Frank,Garcia,30.0,frank.garcia@example.com,2105-524-727,False,311
EMP1311,Alice,Davis,,alice.davis@example.com,6333-021-259,True,312
EMP1312,Alice,Brown,35.0,alice.brown@example.com,6501-917-919,True,313
EMP1313,Grace,Davis,30.0,grace.davis@example.com,2521-310-961,False,314
EMP1314,David,Williams,35.0,david.williams@example.com,2728-476-569,False,315
EMP1315,Charlie,Garcia,40.0,charlie.garcia@example.com,4120-092-819,True,316
EMP1316,Frank,Williams,25.0,frank.williams@example.com,6678-498-435,False,317
EMP1317,Alice,Smith,25.0,alice.smith@example.com,2418-623-689,True,318
EMP1318,Frank,Davis,35.0,frank.davis@example.com,3628-917-755,False,319
EMP1319,Heidi,Miller,30.0,heidi.miller@example.com,6205-634-110,True,320
EMP1320,Frank,Garcia,35.0,frank.garcia@example.com,5950-342-810,False,321
EMP1321,Heidi,Jones,40.0,heidi.jones@example.com,3904-383-033,False,322
EMP1322,Frank,Brown,35.0,frank.brown@example.com,1990-970-050,True,323
EMP1323,Eva,Johnson,,eva.johnson@example.com,4054-683-564,False,324
EMP1324,David,Miller,40.0,david.miller@example.com,2156-818-208,False,325
EMP1325,Eva,Miller,40.0,eva.miller@example.com,6790-422-710,True,326
EMP1326,Frank,Williams,30.0,frank.williams@example.com,3322-889-856,False,327
EMP1327,Alice,Davis,,alice.davis@example.com,2545-960-632,True,328
EMP1328,David,Garcia,25.0,david.garcia@example.com,9912-971-023,True,329
EMP1329,Heidi,Garcia,40.0,heidi.garcia@example.com,8171-752-420,False,330
EMP1330,Eva,Smith,,eva.smith@example.com,4955-112-746,False,331
EMP1331,Charlie,Smith,25.0,charlie.smith@example.com,4721-970-545,False,332
EMP1332,Frank,Brown,35.0,frank.brown@example.com,6927-589-550,False,333
EMP1333,David,Williams,35.0,david.williams@example.com,6874-090-379,False,334
EMP1334,Grace,Miller,40.0,grace.miller@example.com,2146-296-135,False,335
EMP1335,Bob,Garcia,40.0,bob.garcia@example.com,7157-787-111,False,336
EMP1336,Alice,Jones,30.0,alice.jones@example.com,1663-651-558,True,337
EMP1337,Eva,Williams,,eva.williams@example.com,7371-470-826,False,338
EMP1338,David,Brown,,david.brown@example.com,2359-096-055,True,339
EMP1339,Grace,Brown,,grace.brown@example.com,7303-064-420,False,340
EMP1340,Bob,Williams,,bob.williams@example.com,2146-147-682,False,341
EMP1341,Frank,Brown,,frank.brown@example.com,4201-654-234,True,342
EMP1342,Heidi,Williams,40.0,heidi.williams@example.com,6778-265-959,False,343
EMP1343,Grace,Johnson,25.0,grace.johnson@example.com,8931-992-549,False,344
EMP1344,Grace,Williams,30.0,grace.williams@example.com,2727-516-479,True,345
EMP1345,Eva,Davis,40.0,eva.davis@example.com,7279-103-367,False,346
EMP1346,Grace,Williams,25.0,grace.williams@example.com,2963-533-904,False,347
EMP1347,Frank,Brown,40.0,frank.brown@example.com,5044-817-765,False,348
EMP1348,David,Garcia,,david.garcia@example.com,5586-851-275,True,349
EMP1349,Eva,Davis,40.0,eva.davis@example.com,5289-286-645,False,350
EMP1350,Bob,Brown,35.0,bob.brown@example.com,4911-110-960,False,351
EMP1351,Heidi,Smith,25.0,heidi.smith@example.com,7981-789-045,False,352
EMP1352,Frank,Smith,40.0,frank.smith@example.com,3378-613-714,False,353
EMP1353,David,Garcia,40.0,david.garcia@example.com,7660-538-443,True,354
EMP1354,Heidi,Garcia,,heidi.garcia@example.com,4630-600-024,True,355
EMP1355,Bob,Davis,,bob.davis@example.com,8955-296-385,False,356
EMP1356,Heidi,Johnson,30.0,heidi.johnson@example.com,3960-962-625,False,357
EMP1357,Grace,Garcia,40.0,grace.garcia@example.com,5826-312-818,True,358
EMP1358,Grace,Smith,40.0,grace.smith@example.com,6482-531-105,True,359
EMP1359,Grace,Williams,,grace.williams@example.com,9209-819-59,False,360
EMP1360,Bob,Brown,25.0,bob.brown@example.com,2752-334-382,True,361
EMP1361,Grace,Smith,35.0,grace.smith@example.com,6404-120-910,False,362
EMP1362,David,Smith,40.0,david.smith@example.com,7911-244-210,True,363
EMP1363,Charlie,Johnson,35.0,charlie.johnson@example.com,7536-170-616,True,364
EMP1364,Bob,Davis,30.0,bob.davis@example.com,1366-572-239,True,365
EMP1365,Frank,Davis,40.0,frank.davis@example.com,2990-155-798,True,366
EMP1366,Alice,Miller,25.0,alice.miller@example.com,8028-413-907,False,367
EMP1367,David,Johnson,,david.johnson@example.com,8823-513-04,True,368
EMP1368,David,Williams,40.0,david.williams@example.com,2312-447-314,True,369
EMP1369,David,Davis,40.0,david.davis@example.com,8477-686-341,False,370
EMP1370,Bob,Brown,,bob.brown@example.com,3461-994-236,True,371
EMP1371,Eva,Garcia,40.0,eva.garcia@example.com,6769-459-195,True,372
EMP1372,Bob,Johnson,35.0,bob.johnson@example.com,6395-517-207,False,373
EMP1373,Eva,Garcia,,eva.garcia@example.com,4964-985-600,True,374
EMP1374,Bob,Smith,30.0,bob.smith@example.com,2562-531-354,False,375
EMP1375,Grace,Brown,40.0,grace.brown@example.com,2510-505-378,False,376
EMP1376,Charlie,Brown,,charlie.brown@example.com,5381-649-382,False,377
EMP1377,Alice,Smith,35.0,alice.smith@example.com,1849-196-654,False,378
EMP1378,Heidi,Johnson,40.0,heidi.johnson@example.com,3307-704-610,True,379
EMP1379,Bob,Smith,,bob.smith@example.com,7295-963-903,False,380
EMP1380,Charlie,Garcia,40.0,charlie.garcia@example.com,9074-260-87,True,381
EMP1381,Eva,Miller,,eva.miller@example.com,5017-164-44,True,382
EMP1382,Grace,Brown,25.0,grace.brown@example.com,5618-579-063,True,383
EMP1383,Eva,Jones,35.0,eva.jones@example.com,7715-910-299,True,384
EMP1384,Frank,Jones,,frank.jones@example.com,2156-321-357,True,385
EMP1385,David,Garcia,25.0,david.garcia@example.com,4010-414-4,True,386
EMP1386,Eva,Williams,35.0,eva.williams@example.com,9642-297-124,True,387
EMP1387,Grace,Davis,25.0,grace.davis@example.com,2967-188-396,True,388
EMP1388,Frank,Smith,30.0,frank.smith@example.com,7457-314-414,True,389
EMP1389,Grace,Smith,40.0,grace.smith@example.com,8331-170-302,True,390
EMP1390,Eva,Williams,35.0,eva.williams@example.com,7637-153-987,False,391
EMP1391,Bob,Williams,40.0,bob.williams@example.com,5472-812-355,False,392
EMP1392,Grace,Garcia,30.0,grace.garcia@example.com,7983-631-461,False,393
EMP1393,Charlie,Garcia,,charlie.garcia@example.com,4912-711-306,True,394
EMP1394,Heidi,Williams,25.0,heidi.williams@example.com,2407-875-417,False,395
EMP1395,David,Brown,30.0,david.brown@example.com,1563-268-684,False,396
EMP1396,Frank,Garcia,35.0,frank.garcia@example.com,7451-066-33,False,397
EMP1397,Eva,Miller,30.0,eva.miller@example.com,3629-489-785,True,398
EMP1398,Bob,Garcia,30.0,bob.garcia@example.com,1031-310-093,True,399
EMP1399,Frank,Smith,25.0,frank.smith@example.com,3181-439-665,True,400
EMP1400,Bob,Garcia,25.0,bob.garcia@example.com,1347-323-548,True,401
EMP1401,Charlie,Brown,30.0,charlie.brown@example.com,4012-897-431,False,402
EMP1402,Frank,Williams,30.0,frank.williams@example.com,5122-572-075,False,403
EMP1403,David,Smith,25.0,david.smith@example.com,5024-120-956,False,404
EMP1404,Grace,Garcia,35.0,grace.garcia@example.com,9073-710-093,False,405
EMP1405,Eva,Brown,25.0,eva.brown@example.com,3882-211-456,True,406
EMP1406,Grace,Miller,35.0,grace.miller@example.com,7584-745-704,True,407
EMP1407,Bob,Garcia,,bob.garcia@example.com,4589-714-801,True,408
EMP1408,Grace,Brown,35.0,grace.brown@example.com,6325-703-964,False,409
EMP1409,Bob,Miller,25.0,bob.miller@example.com,3136-148-781,True,410
EMP1410,Grace,Williams,,grace.williams@example.com,4556-964-429,True,411
EMP1411,Grace,Garcia,25.0,grace.garcia@example.com,9859-167-953,False,412
EMP1412,Bob,Miller,,bob.miller@example.com,1072-728-497,False,413
EMP1413,Bob,Smith,35.0,bob.smith@example.com,2474-140-702,True,414
EMP1414,Grace,Williams,25.0,grace.williams@example.com,4910-740-649,True,415
EMP1415,Charlie,Smith,25.0,charlie.smith@example.com,4254-882-13,True,416
EMP1416,Frank,Jones,,frank.jones@example.com,2369-143-074,True,417
EMP1417,Eva,Johnson,25.0,eva.johnson@example.com,3666-144-941,True,418
EMP1418,Bob,Garcia,40.0,bob.garcia@example.com,9659-234-267,True,419
EMP1419,Frank,Miller,30.0,frank.miller@example.com,3441-497-825,False,420
EMP1420,Alice,Johnson,25.0,alice.johnson@example.com,6128-758-574,False,421
EMP1421,Charlie,Johnson,25.0,charlie.johnson@example.com,6766-708-060,False,422
EMP1422,Grace,Miller,35.0,grace.miller@example.com,2943-985-297,True,423
EMP1423,Alice,Williams,30.0,alice.williams@example.com,9406-260-786,False,424
EMP1424,Eva,Garcia,35.0,eva.garcia@example.com,1041-591-48,True,425
EMP1425,Eva,Jones,,eva.jones@example.com,7501-980-381,True,426
EMP1426,David,Smith,,david.smith@example.com,8723-244-078,False,427
EMP1427,Alice,Brown,35.0,alice.brown@example.com,3110-291-812,True,428
EMP1428,David,Smith,,david.smith@example.com,3170-876-013,True,429
EMP1429,Eva,Brown,25.0,eva.brown@example.com,6723-849-790,False,430
EMP1430,Bob,Smith,,bob.smith@example.com,6202-232-882,False,431
EMP1431,Alice,Miller,40.0,alice.miller@example.com,7744-197-545,False,432
EMP1432,Grace,Jones,35.0,grace.jones@example.com,6176-620-470,True,433
EMP1433,Bob,Garcia,30.0,bob.garcia@example.com,9609-409-704,False,434
EMP1434,Frank,Brown,30.0,frank.brown@example.com,2774-025-882,False,435
EMP1435,Eva,Garcia,,eva.garcia@example.com,5868-122-594,True,436
EMP1436,Frank,Garcia,40.0,frank.garcia@example.com,7244-617-678,False,437
EMP1437,Alice,Garcia,40.0,alice.garcia@example.com,2988-425-994,False,438
EMP1438,Charlie,Davis,25.0,charlie.davis@example.com,9961-002-310,False,439
EMP1439,Bob,Williams,,bob.williams@example.com,7753-312-660,True,440
EMP1440,Heidi,Smith,30.0,heidi.smith@example.com,9410-175-89,True,441
EMP1441,Grace,Garcia,40.0,grace.garcia@example.com,2517-629-832,True,442
EMP1442,Charlie,Smith,35.0,charlie.smith@example.com,4774-332-682,True,443
EMP1443,Eva,Garcia,40.0,eva.garcia@example.com,1901-302-055,False,444
EMP1444,Grace,Brown,30.0,grace.brown@example.com,9815-287-338,True,445
EMP1445,Alice,Williams,40.0,alice.williams@example.com,7855-982-175,True,446
EMP1446,Frank,Williams,40.0,frank.williams@example.com,6191-284-116,False,447
EMP1447,Eva,Miller,25.0,eva.miller@example.com,3098-503-445,False,448
EMP1448,Charlie,Davis,25.0,charlie.davis@example.com,5124-189-388,False,449
EMP1449,Alice,Miller,30.0,alice.miller@example.com,8469-081-973,True,450
EMP1450,David,Miller,,david.miller@example.com,5643-502-2,True,451
EMP1451,Frank,Miller,,frank.miller@example.com,8503-719-904,True,452
EMP1452,Heidi,Miller,,heidi.miller@example.com,1699-187-239,False,453
EMP1453,David,Miller,25.0,david.miller@example.com,1078-356-742,False,454
EMP1454,Charlie,Jones,35.0,charlie.jones@example.com,3896-086-,True,455
EMP1455,Charlie,Williams,25.0,charlie.williams@example.com,6626-682-16,False,456
EMP1456,Bob,Miller,35.0,bob.miller@example.com,1955-356-032,False,457
EMP1457,Heidi,Garcia,35.0,heidi.garcia@example.com,1903-689-002,False,458
EMP1458,Frank,Williams,30.0,frank.williams@example.com,1027-240-54,True,459
EMP1459,Charlie,Williams,30.0,charlie.williams@example.com,9342-967-110,False,460
EMP1460,Alice,Johnson,30.0,alice.johnson@example.com,4837-537-457,False,461
EMP1461,Heidi,Jones,30.0,heidi.jones@example.com,4384-588-104,True,462
EMP1462,Bob,Miller,35.0,bob.miller@example.com,6974-132-833,True,463
EMP1463,Eva,Smith,25.0,eva.smith@example.com,8315-203-770,False,464
EMP1464,Charlie,Brown,40.0,charlie.brown@example.com,7044-964-09,False,465
EMP1465,David,Davis,30.0,david.davis@example.com,4967-066-702,True,466
EMP1466,Bob,Garcia,25.0,bob.garcia@example.com,3626-804-084,True,467
EMP1467,Bob,Smith,35.0,bob.smith@example.com,9549-305-95,False,468
EMP1468,Charlie,Jones,,charlie.jones@example.com,6018-648-768,False,469
EMP1469,Grace,Brown,,grace.brown@example.com,9842-673-203,False,470
EMP1470,Bob,Jones,25.0,bob.jones@example.com,4138-459-608,False,471
EMP1471,Alice,Garcia,40.0,alice.garcia@example.com,4544-901-494,True,472
EMP1472,Alice,Williams,30.0,alice.williams@example.com,4277-070-704,False,473
EMP1473,Grace,Brown,40.0,grace.brown@example.com,7836-091-497,False,474
EMP1474,Frank,Williams,40.0,frank.williams@example.com,5172-444-722,True,475
EMP1475,David,Garcia,35.0,david.garcia@example.com,2290-310-286,False,476
EMP1476,Frank,Smith,,frank.smith@example.com,9508-304-404,True,477
EMP1477,Grace,Garcia,,grace.garcia@example.com,8093-511-870,False,478
EMP1478,Grace,Smith,25.0,grace.smith@example.com,8133-595-615,False,479
EMP1479,Charlie,Brown,25.0,charlie.brown@example.com,4205-955-656,True,480
EMP1480,Grace,Brown,25.0,grace.brown@example.com,4902-504-289,True,481
EMP1481,Eva,Miller,35.0,eva.miller@example.com,1935-889-535,False,482
EMP1482,Eva,Jones,,eva.jones@example.com,9026-113-988,False,483
EMP1483,Bob,Miller,40.0,bob.miller@example.com,8681-809-787,False,484
EMP1484,Bob,Jones,25.0,bob.jones@example.com,7543-943-534,True,485
EMP1485,Grace,Miller,35.0,grace.miller@example.com,3751-376-514,False,486
EMP1486,Eva,Williams,40.0,eva.williams@example.com,8815-793-762,True,487
EMP1487,Frank,Brown,30.0,frank.brown@example.com,9283-692-943,True,488
EMP1488,Eva,Smith,35.0,eva.smith@example.com,5511-668-296,False,489
EMP1489,Charlie,Jones,35.0,charlie.jones@example.com,3270-216-486,True,490
EMP1490,Bob,Garcia,30.0,bob.garcia@example.com,1206-021-287,False,491
EMP1491,Frank,Jones,25.0,frank.jones@example.com,6652-683-414,False,492
EMP1492,Alice,Smith,30.0,alice.smith@example.com,5999-101-575,False,493
EMP1493,Frank,Miller,30.0,frank.miller@example.com,7647-229-811,False,494
EMP1494,Alice,Jones,30.0,alice.jones@example.com,9957-657-27,False,495
EMP1495,Frank,Davis,35.0,frank.davis@example.com,9413-475-097,True,496
EMP1496,Grace,Williams,25.0,grace.williams@example.com,8986-456-521,True,497
EMP1497,David,Brown,35.0,david.brown@example.com,3684-995-14,False,498
EMP1498,Alice,Smith,40.0,alice.smith@example.com,4214-477-323,False,499
EMP1499,Eva,Brown,35.0,eva.brown@example.com,4913-421-387,True,500
EMP1500,Grace,Davis,,grace.davis@example.com,2090-883-069,True,501
EMP1501,Eva,Jones,35.0,eva.jones@example.com,5349-678-273,True,502
EMP1502,Frank,Jones,35.0,frank.jones@example.com,1176-741-240,True,503
EMP1503,David,Garcia,25.0,david.garcia@example.com,5131-528-546,False,504
EMP1504,Heidi,Davis,35.0,heidi.davis@example.com,8150-618-537,False,505
EMP1505,David,Smith,35.0,david.smith@example.com,3296-334-6,True,506
EMP1506,Frank,Garcia,,frank.garcia@example.com,2727-423-182,False,507
EMP1507,Heidi,Williams,30.0,heidi.williams@example.com,6178-932-05,True,508
EMP1508,Frank,Garcia,25.0,frank.garcia@example.com,4969-357-823,False,509
EMP1509,Frank,Johnson,35.0,frank.johnson@example.com,3477-695-873,True,510
EMP1510,Bob,Smith,40.0,bob.smith@example.com,1314-675-360,False,511
EMP1511,Grace,Johnson,25.0,grace.johnson@example.com,2751-562-778,True,512
EMP1512,Heidi,Davis,30.0,heidi.davis@example.com,6304-483-607,True,513
EMP1513,Charlie,Miller,35.0,charlie.miller@example.com,5456-676-639,False,514
EMP1514,Charlie,Johnson,,charlie.johnson@example.com,4735-047-638,True,515
EMP1515,Grace,Williams,40.0,grace.williams@example.com,2831-995-297,False,516
EMP1516,Alice,Garcia,35.0,alice.garcia@example.com,6155-810-7,False,517
EMP1517,David,Miller,35.0,david.miller@example.com,3583-286-341,True,518
EMP1518,Bob,Garcia,25.0,bob.garcia@example.com,5563-830-007,False,519
EMP1519,Grace,Johnson,30.0,grace.johnson@example.com,1867-024-402,False,520
EMP1520,Grace,Garcia,25.0,grace.garcia@example.com,3041-662-410,False,521
EMP1521,Charlie,Davis,25.0,charlie.davis@example.com,1860-089-218,False,522
EMP1522,Eva,Miller,,eva.miller@example.com,6394-568-043,False,523
EMP1523,Alice,Davis,25.0,alice.davis@example.com,7314-976-460,True,524
EMP1524,Heidi,Johnson,30.0,heidi.johnson@example.com,3684-748-835,False,525
EMP1525,Bob,Davis,,bob.davis@example.com,7658-173-89,False,526
EMP1526,Bob,Williams,,bob.williams@example.com,6375-791-451,False,527
EMP1527,David,Johnson,,david.johnson@example.com,1182-379-311,False,528
EMP1528,Charlie,Johnson,25.0,charlie.johnson@example.com,6978-930-745,False,529
EMP1529,Alice,Johnson,25.0,alice.johnson@example.com,4520-599-603,True,530
EMP1530,Bob,Smith,,bob.smith@example.com,3878-753-576,False,531
EMP1531,Heidi,Garcia,35.0,heidi.garcia@example.com,8811-616-201,True,532
EMP1532,Eva,Smith,35.0,eva.smith@example.com,8123-710-671,True,533
EMP1533,Alice,Smith,25.0,alice.smith@example.com,8728-660-415,True,534
EMP1534,Eva,Williams,25.0,eva.williams@example.com,4485-959-223,True,535
EMP1535,Eva,Miller,40.0,eva.miller@example.com,8395-894-772,False,536
EMP1536,Charlie,Garcia,25.0,charlie.garcia@example.com,5228-705-621,True,537
EMP1537,Heidi,Davis,30.0,heidi.davis@example.com,7104-331-874,True,538
EMP1538,Charlie,Jones,40.0,charlie.jones@example.com,1097-921-582,False,539
EMP1539,Frank,Johnson,25.0,frank.johnson@example.com,5034-469-458,False,540
EMP1540,David,Davis,35.0,david.davis@example.com,6488-319-212,False,541
EMP1541,David,Johnson,40.0,david.johnson@example.com,4249-128-964,True,542
EMP1542,Alice,Williams,25.0,alice.williams@example.com,9994-973-202,False,543
EMP1543,Charlie,Johnson,25.0,charlie.johnson@example.com,3192-227-050,False,544
EMP1544,David,Smith,,david.smith@example.com,2876-754-80,True,545
EMP1545,Heidi,Garcia,25.0,heidi.garcia@example.com,3866-675-484,False,546
EMP1546,Alice,Jones,25.0,alice.jones@example.com,8193-242-686,False,547
EMP1547,Eva,Brown,,eva.brown@example.com,7418-652-056,False,548
EMP1548,Alice,Johnson,30.0,alice.johnson@example.com,5639-836-519,False,549
EMP1549,Frank,Davis,40.0,frank.davis@example.com,3758-309-450,True,550
EMP1550,Eva,Smith,,eva.smith@example.com,5480-940-475,False,551
EMP1551,Charlie,Brown,40.0,charlie.brown@example.com,4409-079-76,False,552
EMP1552,Grace,Jones,30.0,grace.jones@example.com,2781-050-921,True,553
EMP1553,Bob,Brown,40.0,bob.brown@example.com,2161-070-517,False,554
EMP1554,Alice,Smith,,alice.smith@example.com,4390-552-957,True,555
EMP1555,Charlie,Garcia,30.0,charlie.garcia@example.com,6601-382-40,False,556
EMP1556,Grace,Garcia,40.0,grace.garcia@example.com,2704-938-619,True,557
EMP1557,Eva,Miller,40.0,eva.miller@example.com,4485-157-918,True,558
EMP1558,Eva,Garcia,,eva.garcia@example.com,7111-212-589,True,559
EMP1559,Eva,Miller,35.0,eva.miller@example.com,2035-713-431,True,560
EMP1560,Frank,Brown,25.0,frank.brown@example.com,4064-242-955,False,561
EMP1561,Grace,Williams,,grace.williams@example.com,3343-244-740,True,562
EMP1562,Alice,Davis,25.0,alice.davis@example.com,7595-587-208,False,563
EMP1563,Alice,Davis,35.0,alice.davis@example.com,6289-365-434,True,564
EMP1564,David,Brown,,david.brown@example.com,8841-834-373,True,565
EMP1565,Alice,Johnson,40.0,alice.johnson@example.com,1827-279-54,True,566
EMP1566,Eva,Johnson,30.0,eva.johnson@example.com,9690-515-025,False,567
EMP1567,David,Garcia,30.0,david.garcia@example.com,7551-254-277,True,568
EMP1568,Bob,Davis,40.0,bob.davis@example.com,2079-799-666,False,569
EMP1569,Eva,Davis,25.0,eva.davis@example.com,3459-576-402,False,570
EMP1570,Alice,Miller,,alice.miller@example.com,8166-496-901,False,571
EMP1571,Frank,Williams,,frank.williams@example.com,8249-839-224,False,572
EMP1572,Grace,Smith,25.0,grace.smith@example.com,1425-762-69,False,573
EMP1573,David,Johnson,,david.johnson@example.com,2324-412-335,False,574
EMP1574,Bob,Davis,35.0,bob.davis@example.com,1328-507-250,False,575
EMP1575,Alice,Miller,35.0,alice.miller@example.com,7863-767-315,False,576
EMP1576,Frank,Jones,,frank.jones@example.com,2526-546-967,False,577
EMP1577,Frank,Miller,,frank.miller@example.com,1579-039-234,True,578
EMP1578,Bob,Johnson,30.0,bob.johnson@example.com,5580-996-131,True,579
EMP1579,David,Johnson,,david.johnson@example.com,7303-461-561,True,580
EMP1580,Charlie,Miller,25.0,charlie.miller@example.com,6244-670-461,True,581
EMP1581,Eva,Smith,,eva.smith@example.com,2681-715-159,True,582
EMP1582,Grace,Brown,40.0,grace.brown@example.com,2529-867-075,False,583
EMP1583,Bob,Johnson,,bob.johnson@example.com,6046-419-784,False,584
EMP1584,Eva,Miller,,eva.miller@example.com,7585-126-860,False,585
EMP1585,Heidi,Davis,30.0,heidi.davis@example.com,2059-438-975,False,586
EMP1586,Eva,Miller,30.0,eva.miller@example.com,7401-775-08,False,587
EMP1587,Charlie,Williams,25.0,charlie.williams@example.com,5465-408-423,False,588
EMP1588,Bob,Brown,35.0,bob.brown@example.com,5607-540-914,False,589
EMP1589,Charlie,Jones,30.0,charlie.jones@example.com,8632-181-21,True,590
EMP1590,Alice,Smith,,alice.smith@example.com,7645-793-896,True,591
EMP1591,Bob,Garcia,30.0,bob.garcia@example.com,1550-291-67,True,592
EMP1592,David,Jones,25.0,david.jones@example.com,1546-602-415,True,593
EMP1593,Eva,Brown,,eva.brown@example.com,1394-498-829,False,594
EMP1594,Charlie,Brown,25.0,charlie.brown@example.com,5973-642-479,False,595
EMP1595,Frank,Brown,30.0,frank.brown@example.com,9624-406-305,False,596
EMP1596,Eva,Jones,40.0,eva.jones@example.com,2447-951-329,True,597
EMP1597,Charlie,Davis,,charlie.davis@example.com,5319-497-968,False,598
EMP1598,Alice,Brown,,alice.brown@example.com,5867-805-554,False,599
EMP1599,Alice,Miller,,alice.miller@example.com,7277-382-645,False,600
EMP1600,Grace,Jones,30.0,grace.jones@example.com,9178-513-84,True,601
EMP1601,Grace,Garcia,35.0,grace.garcia@example.com,4457-702-991,False,602
EMP1602,Charlie,Brown,,charlie.brown@example.com,9596-604-872,True,603
EMP1603,Charlie,Miller,40.0,charlie.miller@example.com,6826-911-632,True,604
EMP1604,Frank,Davis,30.0,frank.davis@example.com,1942-268-652,True,605
EMP1605,Heidi,Williams,40.0,heidi.williams@example.com,6945-515-887,True,606
EMP1606,Eva,Davis,35.0,eva.davis@example.com,6367-747-225,False,607
EMP1607,Bob,Garcia,,bob.garcia@example.com,4085-721-695,True,608
EMP1608,Frank,Brown,40.0,frank.brown@example.com,6630-932-997,True,609
EMP1609,David,Garcia,25.0,david.garcia@example.com,1996-059-328,False,610
EMP1610,Bob,Jones,30.0,bob.jones@example.com,7150-968-831,False,611
EMP1611,David,Johnson,,david.johnson@example.com,7532-735-240,True,612
EMP1612,Charlie,Brown,30.0,charlie.brown@example.com,3977-397-31,False,613
EMP1613,Eva,Johnson,30.0,eva.johnson@example.com,7819-523-709,True,614
EMP1614,Eva,Miller,25.0,eva.miller@example.com,6876-164-80,True,615
EMP1615,Grace,Williams,,grace.williams@example.com,9807-704-604,True,616
EMP1616,Frank,Smith,40.0,frank.smith@example.com,6876-112-490,True,617
EMP1617,Alice,Garcia,30.0,alice.garcia@example.com,2565-237-340,False,618
EMP1618,Charlie,Davis,40.0,charlie.davis@example.com,5177-345-474,True,619
EMP1619,Bob,Williams,25.0,bob.williams@example.com,7494-902-283,False,620
EMP1620,Grace,Brown,,grace.brown@example.com,3595-442-93,False,621
EMP1621,Heidi,Johnson,40.0,heidi.johnson@example.com,7742-229-463,False,622
EMP1622,Grace,Davis,30.0,grace.davis@example.com,3039-429-044,False,623
EMP1623,Grace,Johnson,35.0,grace.johnson@example.com,8867-925-297,True,624
EMP1624,Bob,Jones,,bob.jones@example.com,5856-728-726,False,625
EMP1625,Frank,Johnson,25.0,frank.johnson@example.com,6015-343-323,True,626
EMP1626,Grace,Jones,,grace.jones@example.com,9135-779-082,False,627
EMP1627,Heidi,Miller,30.0,heidi.miller@example.com,3506-158-147,False,628
EMP1628,Frank,Davis,40.0,frank.davis@example.com,8810-798-333,True,629
EMP1629,Charlie,Davis,25.0,charlie.davis@example.com,2337-209-483,True,630
EMP1630,Alice,Smith,30.0,alice.smith@example.com,1312-840-332,True,631
EMP1631,Grace,Brown,25.0,grace.brown@example.com,9977-180-512,False,632
EMP1632,Grace,Jones,40.0,grace.jones@example.com,7171-731-892,False,633
EMP1633,Charlie,Smith,40.0,charlie.smith@example.com,9749-096-172,True,634
EMP1634,Eva,Johnson,30.0,eva.johnson@example.com,9970-469-471,True,635
EMP1635,Alice,Johnson,35.0,alice.johnson@example.com,5878-444-834,True,636
EMP1636,Grace,Smith,35.0,grace.smith@example.com,4884-712-704,True,637
EMP1637,Bob,Davis,25.0,bob.davis@example.com,8772-216-416,False,638
EMP1638,Frank,Johnson,35.0,frank.johnson@example.com,5823-133-483,True,639
EMP1639,Eva,Garcia,30.0,eva.garcia@example.com,5871-493-924,True,640
EMP1640,Bob,Miller,,bob.miller@example.com,2362-292-586,True,641
EMP1641,Heidi,Miller,30.0,heidi.miller@example.com,9643-474-523,True,642
EMP1642,Heidi,Garcia,25.0,heidi.garcia@example.com,5557-469-659,False,643
EMP1643,David,Smith,35.0,david.smith@example.com,6065-274-032,True,644
EMP1644,David,Garcia,35.0,david.garcia@example.com,4450-566-587,False,645
EMP1645,Charlie,Jones,40.0,charlie.jones@example.com,3398-741-131,True,646
EMP1646,David,Jones,40.0,david.jones@example.com,5797-067-348,True,647
EMP1647,David,Smith,30.0,david.smith@example.com,9601-054-856,False,648
EMP1648,Bob,Garcia,40.0,bob.garcia@example.com,4172-156-228,True,649
EMP1649,Frank,Jones,40.0,frank.jones@example.com,4938-173-597,False,650
EMP1650,Eva,Davis,40.0,eva.davis@example.com,4884-021-556,False,651
EMP1651,Alice,Garcia,,alice.garcia@example.com,3257-375-533,True,652
EMP1652,Heidi,Davis,35.0,heidi.davis@example.com,4902-166-669,False,653
EMP1653,Frank,Jones,35.0,frank.jones@example.com,8085-096-084,False,654
EMP1654,Frank,Miller,35.0,frank.miller@example.com,8749-511-917,False,655
EMP1655,Frank,Jones,40.0,frank.jones@example.com,1828-197-930,False,656
EMP1656,David,Davis,25.0,david.davis@example.com,6477-251-294,False,657
EMP1657,Charlie,Williams,30.0,charlie.williams@example.com,7860-694-095,False,658
EMP1658,Frank,Brown,40.0,frank.brown@example.com,3562-439-4,False,659
EMP1659,Charlie,Johnson,25.0,charlie.johnson@example.com,8739-592-322,False,660
EMP1660,Frank,Garcia,35.0,frank.garcia@example.com,4210-890-284,True,661
EMP1661,Alice,Williams,40.0,alice.williams@example.com,1553-334-263,True,662
EMP1662,Charlie,Jones,35.0,charlie.jones@example.com,3350-271-606,False,663
EMP1663,Bob,Miller,40.0,bob.miller@example.com,3607-763-368,True,664
EMP1664,Frank,Smith,40.0,frank.smith@example.com,1128-981-230,False,665
EMP1665,Charlie,Jones,35.0,charlie.jones@example.com,7955-633-184,False,666
EMP1666,Grace,Miller,35.0,grace.miller@example.com,7481-700-665,True,667
EMP1667,Charlie,Brown,30.0,charlie.brown@example.com,1554-164-315,False,668
EMP1668,Bob,Jones,30.0,bob.jones@example.com,7045-023-289,False,669
EMP1669,Alice,Davis,25.0,alice.davis@example.com,2822-700-933,False,670
EMP1670,Grace,Smith,35.0,grace.smith@example.com,5962-622-821,False,671
EMP1671,Charlie,Miller,25.0,charlie.miller@example.com,5120-734-653,True,672
EMP1672,Heidi,Miller,,heidi.miller@example.com,9500-507-025,False,673
EMP1673,Charlie,Miller,,charlie.miller@example.com,8698-221-04,False,674
EMP1674,Eva,Brown,35.0,eva.brown@example.com,3161-177-686,False,675
EMP1675,Grace,Jones,35.0,grace.jones@example.com,2904-774-257,True,676
EMP1676,Charlie,Brown,35.0,charlie.brown@example.com,5917-793-237,False,677
EMP1677,Heidi,Garcia,35.0,heidi.garcia@example.com,2231-164-912,True,678
EMP1678,Frank,Johnson,30.0,frank.johnson@example.com,3424-579-888,True,679
EMP1679,Grace,Johnson,40.0,grace.johnson@example.com,4256-529-059,False,680
EMP1680,Eva,Garcia,35.0,eva.garcia@example.com,3202-032-649,False,681
EMP1681,Bob,Jones,30.0,bob.jones@example.com,9775-396-736,True,682
EMP1682,Heidi,Davis,30.0,heidi.davis@example.com,9487-148-551,False,683
EMP1683,Bob,Brown,35.0,bob.brown@example.com,4578-715-840,True,684
EMP1684,Charlie,Smith,25.0,charlie.smith@example.com,5608-213-710,True,685
EMP1685,Frank,Miller,40.0,frank.miller@example.com,8425-476-817,False,686
EMP1686,Alice,Miller,35.0,alice.miller@example.com,2683-230-357,False,687
EMP1687,Eva,Jones,40.0,eva.jones@example.com,9298-808-582,True,688
EMP1688,David,Davis,25.0,david.davis@example.com,8252-129-327,True,689
EMP1689,David,Johnson,40.0,david.johnson@example.com,9634-064-685,True,690
EMP1690,Bob,Johnson,35.0,bob.johnson@example.com,7752-401-483,True,691
EMP1691,David,Miller,25.0,david.miller@example.com,3991-062-271,False,692
EMP1692,Bob,Jones,40.0,bob.jones@example.com,3626-693-350,False,693
EMP1693,Charlie,Brown,35.0,charlie.brown@example.com,3426-192-371,False,694
EMP1694,Alice,Johnson,25.0,alice.johnson@example.com,4501-848-196,False,695
EMP1695,Heidi,Brown,30.0,heidi.brown@example.com,3741-897-214,False,696
EMP1696,David,Davis,25.0,david.davis@example.com,4064-176-926,True,697
EMP1697,Heidi,Johnson,40.0,heidi.johnson@example.com,4381-199-536,False,698
EMP1698,Frank,Johnson,35.0,frank.johnson@example.com,6601-444-855,False,699
EMP1699,Charlie,Williams,25.0,charlie.williams@example.com,4510-173-972,False,700
EMP1700,Heidi,Johnson,25.0,heidi.johnson@example.com,9641-789-968,False,701
EMP1701,Frank,Garcia,,frank.garcia@example.com,8609-191-910,False,702
EMP1702,Grace,Smith,30.0,grace.smith@example.com,3599-660-576,True,703
EMP1703,Frank,Garcia,40.0,frank.garcia@example.com,9806-603-919,True,704
EMP1704,Charlie,Jones,30.0,charlie.jones@example.com,5146-074-554,True,705
EMP1705,Grace,Jones,40.0,grace.jones@example.com,3470-574-237,False,706
EMP1706,Bob,Brown,25.0,bob.brown@example.com,8565-271-558,True,707
EMP1707,Alice,Garcia,35.0,alice.garcia@example.com,8354-116-596,True,708
EMP1708,Eva,Garcia,,eva.garcia@example.com,2634-755-751,False,709
EMP1709,Bob,Garcia,25.0,bob.garcia@example.com,2501-394-883,False,710
EMP1710,David,Davis,,david.davis@example.com,8826-913-118,False,711
EMP1711,Frank,Johnson,40.0,frank.johnson@example.com,6425-856-260,True,712
EMP1712,Grace,Smith,,grace.smith@example.com,4991-537-037,True,713
EMP1713,Frank,Brown,35.0,frank.brown@example.com,2407-333-372,False,714
EMP1714,Frank,Garcia,,frank.garcia@example.com,2043-097-767,False,715
EMP1715,Eva,Garcia,35.0,eva.garcia@example.com,8936-289-695,True,716
EMP1716,Alice,Williams,,alice.williams@example.com,4546-553-584,True,717
EMP1717,Frank,Brown,25.0,frank.brown@example.com,1253-892-186,False,718
EMP1718,Charlie,Garcia,25.0,charlie.garcia@example.com,8519-358-373,False,719
EMP1719,David,Brown,30.0,david.brown@example.com,9079-779-611,True,720
EMP1720,Bob,Johnson,35.0,bob.johnson@example.com,8780-572-14,False,721
EMP1721,Bob,Williams,,bob.williams@example.com,1494-097-625,True,722
EMP1722,Alice,Brown,35.0,alice.brown@example.com,3748-453-985,True,723
EMP1723,Alice,Smith,40.0,alice.smith@example.com,2895-090-590,True,724
EMP1724,Frank,Smith,,frank.smith@example.com,1918-623-391,True,725
EMP1725,Heidi,Jones,,heidi.jones@example.com,2071-511-695,False,726
EMP1726,Charlie,Williams,30.0,charlie.williams@example.com,6672-521-451,False,727
EMP1727,Eva,Williams,25.0,eva.williams@example.com,6471-246-334,True,728
EMP1728,Heidi,Jones,,heidi.jones@example.com,1571-840-907,True,729
EMP1729,David,Brown,30.0,david.brown@example.com,5120-800-55,True,730
EMP1730,Bob,Williams,40.0,bob.williams@example.com,4099-512-396,True,731
EMP1731,Alice,Smith,35.0,alice.smith@example.com,2835-129-591,True,732
EMP1732,Charlie,Smith,40.0,charlie.smith@example.com,7282-709-080,False,733
EMP1733,Bob,Garcia,25.0,bob.garcia@example.com,4415-298-216,False,734
EMP1734,Eva,Johnson,25.0,eva.johnson@example.com,3929-578-670,False,735
EMP1735,David,Williams,,david.williams@example.com,8153-523-735,False,736
EMP1736,Charlie,Brown,25.0,charlie.brown@example.com,5079-181-57,True,737
EMP1737,Eva,Jones,30.0,eva.jones@example.com,9988-683-451,True,738
EMP1738,Bob,Jones,40.0,bob.jones@example.com,7346-666-169,True,739
EMP1739,Bob,Brown,25.0,bob.brown@example.com,7158-796-473,True,740
EMP1740,Bob,Davis,35.0,bob.davis@example.com,8031-499-81,True,741
EMP1741,Heidi,Miller,,heidi.miller@example.com,5080-046-357,False,742
EMP1742,Heidi,Johnson,40.0,heidi.johnson@example.com,6882-850-30,True,743
EMP1743,Eva,Jones,30.0,eva.jones@example.com,7235-137-398,False,744
EMP1744,Alice,Williams,,alice.williams@example.com,6314-035-1,False,745
EMP1745,Bob,Johnson,40.0,bob.johnson@example.com,6356-022-938,False,746
EMP1746,David,Williams,,david.williams@example.com,4694-346-065,False,747
EMP1747,David,Davis,30.0,david.davis@example.com,6437-490-606,True,748
EMP1748,Charlie,Smith,40.0,charlie.smith@example.com,2311-127-127,False,749
EMP1749,Bob,Johnson,30.0,bob.johnson@example.com,5246-484-493,False,750
EMP1750,Grace,Garcia,40.0,grace.garcia@example.com,1163-187-327,False,751
EMP1751,Eva,Jones,30.0,eva.jones@example.com,7711-306-20,True,752
EMP1752,Eva,Johnson,,eva.johnson@example.com,1369-572-789,True,753
EMP1753,Frank,Johnson,25.0,frank.johnson@example.com,8335-090-253,True,754
EMP1754,Frank,Johnson,30.0,frank.johnson@example.com,2573-066-247,False,755
EMP1755,Grace,Miller,25.0,grace.miller@example.com,1323-570-712,False,756
EMP1756,David,Johnson,25.0,david.johnson@example.com,9848-228-500,True,757
EMP1757,David,Williams,40.0,david.williams@example.com,1688-092-549,False,758
EMP1758,Grace,Smith,,grace.smith@example.com,2130-609-068,True,759
EMP1759,Alice,Davis,,alice.davis@example.com,1309-810-795,True,760
EMP1760,David,Brown,,david.brown@example.com,4967-379-456,False,761
EMP1761,Alice,Johnson,30.0,alice.johnson@example.com,7278-532-425,False,762
EMP1762,Heidi,Jones,30.0,heidi.jones@example.com,4250-642-075,False,763
EMP1763,Heidi,Johnson,40.0,heidi.johnson@example.com,8362-536-666,False,764
EMP1764,Charlie,Jones,40.0,charlie.jones@example.com,7767-555-627,True,765
EMP1765,David,Williams,40.0,david.williams@example.com,3333-939-577,True,766
EMP1766,Charlie,Jones,25.0,charlie.jones@example.com,6543-627-186,True,767
EMP1767,Grace,Garcia,,grace.garcia@example.com,4960-335-825,True,768
EMP1768,Frank,Brown,,frank.brown@example.com,8627-036-923,True,769
EMP1769,Alice,Smith,40.0,alice.smith@example.com,9269-326-572,False,770
EMP1770,Charlie,Jones,25.0,charlie.jones@example.com,2759-980-110,True,771
EMP1771,Heidi,Jones,40.0,heidi.jones@example.com,5155-322-,True,772
EMP1772,Heidi,Smith,40.0,heidi.smith@example.com,4159-597-751,True,773
EMP1773,Eva,Brown,,eva.brown@example.com,4418-222-617,False,774
EMP1774,Frank,Johnson,25.0,frank.johnson@example.com,9628-874-311,False,775
EMP1775,Bob,Jones,25.0,bob.jones@example.com,7102-676-719,False,776
EMP1776,Charlie,Smith,40.0,charlie.smith@example.com,9579-927-078,False,777
EMP1777,Frank,Garcia,40.0,frank.garcia@example.com,5515-122-945,True,778
EMP1778,Eva,Garcia,35.0,eva.garcia@example.com,2135-415-969,True,779
EMP1779,Bob,Williams,,bob.williams@example.com,9962-543-847,False,780
EMP1780,Eva,Smith,40.0,eva.smith@example.com,7520-344-75,False,781
EMP1781,Charlie,Williams,,charlie.williams@example.com,5047-158-028,True,782
EMP1782,Charlie,Garcia,,charlie.garcia@example.com,9046-376-59,True,783
EMP1783,Bob,Brown,30.0,bob.brown@example.com,4655-866-524,False,784
EMP1784,David,Johnson,25.0,david.johnson@example.com,4837-441-714,False,785
EMP1785,Eva,Smith,,eva.smith@example.com,8102-131-250,False,786
EMP1786,Alice,Davis,30.0,alice.davis@example.com,2931-100-590,False,787
EMP1787,Alice,Garcia,30.0,alice.garcia@example.com,2975-191-022,True,788
EMP1788,Frank,Garcia,40.0,frank.garcia@example.com,1211-063-300,True,789
EMP1789,Frank,Davis,,frank.davis@example.com,6583-737-926,True,790
EMP1790,Frank,Miller,25.0,frank.miller@example.com,4907-280-122,False,791
EMP1791,Charlie,Garcia,,charlie.garcia@example.com,4289-311-324,False,792
EMP1792,Eva,Jones,35.0,eva.jones@example.com,3269-496-842,True,793
EMP1793,Frank,Brown,40.0,frank.brown@example.com,6453-804-420,True,794
EMP1794,Alice,Smith,30.0,alice.smith@example.com,1750-961-69,True,795
EMP1795,Charlie,Davis,30.0,charlie.davis@example.com,1595-919-456,True,796
EMP1796,Charlie,Jones,25.0,charlie.jones@example.com,5757-475-832,False,797
EMP1797,Bob,Davis,25.0,bob.davis@example.com,9205-677-566,True,798
EMP1798,Heidi,Smith,25.0,heidi.smith@example.com,7722-660-255,True,799
EMP1799,Eva,Williams,30.0,eva.williams@example.com,2650-622-922,True,800
EMP1800,Heidi,Smith,25.0,heidi.smith@example.com,1067-245-306,True,801
EMP1801,Bob,Miller,30.0,bob.miller@example.com,6248-433-796,True,802
EMP1802,Eva,Smith,,eva.smith@example.com,6627-051-156,True,803
EMP1803,Heidi,Smith,25.0,heidi.smith@example.com,9423-873-669,True,804
EMP1804,Bob,Miller,40.0,bob.miller@example.com,4254-969-191,False,805
EMP1805,Heidi,Brown,,heidi.brown@example.com,8455-259-709,False,806
EMP1806,Bob,Garcia,40.0,bob.garcia@example.com,7563-353-573,False,807
EMP1807,Bob,Smith,40.0,bob.smith@example.com,8595-325-938,False,808
EMP1808,David,Miller,30.0,david.miller@example.com,9337-970-580,True,809
EMP1809,Frank,Jones,35.0,frank.jones@example.com,6295-187-793,False,810
EMP1810,Heidi,Williams,30.0,heidi.williams@example.com,1763-425-072,False,811
EMP1811,Bob,Williams,35.0,bob.williams@example.com,3055-978-244,True,812
EMP1812,Grace,Smith,30.0,grace.smith@example.com,7598-339-913,True,813
EMP1813,Frank,Brown,30.0,frank.brown@example.com,3884-366-03,False,814
EMP1814,Frank,Brown,,frank.brown@example.com,4324-006-156,False,815
EMP1815,Heidi,Jones,25.0,heidi.jones@example.com,2768-297-513,True,816
EMP1816,Charlie,Smith,35.0,charlie.smith@example.com,7439-742-924,False,817
EMP1817,Grace,Williams,35.0,grace.williams@example.com,1058-752-55,True,818
EMP1818,Alice,Brown,30.0,alice.brown@example.com,8065-625-903,True,819
EMP1819,Heidi,Smith,30.0,heidi.smith@example.com,5990-802-710,True,820
EMP1820,Eva,Davis,40.0,eva.davis@example.com,2218-231-554,True,821
EMP1821,Grace,Brown,30.0,grace.brown@example.com,1651-768-085,False,822
EMP1822,Frank,Miller,25.0,frank.miller@example.com,6281-372-142,True,823
EMP1823,Frank,Davis,40.0,frank.davis@example.com,3080-037-002,True,824
EMP1824,Charlie,Garcia,30.0,charlie.garcia@example.com,3228-556-607,False,825
EMP1825,Charlie,Brown,30.0,charlie.brown@example.com,4706-810-389,True,826
EMP1826,Grace,Williams,30.0,grace.williams@example.com,3397-051-957,False,827
EMP1827,Grace,Johnson,,grace.johnson@example.com,2632-809-447,False,828
EMP1828,Frank,Davis,30.0,frank.davis@example.com,5862-394-534,False,829
EMP1829,David,Garcia,,david.garcia@example.com,4614-707-985,True,830
EMP1830,Heidi,Jones,35.0,heidi.jones@example.com,3210-613-393,False,831
EMP1831,Eva,Jones,40.0,eva.jones@example.com,3945-703-942,False,832
EMP1832,Bob,Williams,,bob.williams@example.com,8040-325-375,True,833
EMP1833,Alice,Brown,40.0,alice.brown@example.com,5769-277-893,False,834
EMP1834,Eva,Smith,35.0,eva.smith@example.com,3191-009-003,False,835
EMP1835,Eva,Brown,25.0,eva.brown@example.com,4769-210-52,False,836
EMP1836,Eva,Williams,,eva.williams@example.com,3651-460-400,False,837
EMP1837,Eva,Jones,35.0,eva.jones@example.com,4247-310-719,False,838
EMP1838,Bob,Brown,,bob.brown@example.com,1137-984-408,True,839
EMP1839,Charlie,Jones,35.0,charlie.jones@example.com,7123-166-006,False,840
EMP1840,Frank,Davis,25.0,frank.davis@example.com,6762-090-143,False,841
EMP1841,Grace,Garcia,30.0,grace.garcia@example.com,7340-433-699,True,842
EMP1842,Frank,Smith,25.0,frank.smith@example.com,9687-304-518,True,843
EMP1843,Eva,Davis,40.0,eva.davis@example.com,5778-255-881,True,844
EMP1844,Eva,Jones,30.0,eva.jones@example.com,5562-965-753,False,845
EMP1845,Frank,Jones,,frank.jones@example.com,2786-561-941,True,846
EMP1846,Grace,Johnson,,grace.johnson@example.com,5577-820-581,False,847
EMP1847,Grace,Johnson,40.0,grace.johnson@example.com,9582-923-615,False,848
EMP1848,Frank,Davis,30.0,frank.davis@example.com,1880-819-047,True,849
EMP1849,Grace,Miller,25.0,grace.miller@example.com,2357-155-867,True,850
EMP1850,Eva,Davis,30.0,eva.davis@example.com,6395-613-722,False,851
EMP1851,David,Johnson,,david.johnson@example.com,8172-143-63,True,852
EMP1852,Grace,Jones,,grace.jones@example.com,3813-000-412,False,853
EMP1853,Bob,Williams,40.0,bob.williams@example.com,2114-716-559,True,854
EMP1854,Charlie,Davis,25.0,charlie.davis@example.com,9456-534-698,True,855
EMP1855,Eva,Jones,30.0,eva.jones@example.com,7990-707-549,True,856
EMP1856,Heidi,Williams,25.0,heidi.williams@example.com,4768-169-956,False,857
EMP1857,Heidi,Williams,35.0,heidi.williams@example.com,6071-748-10,True,858
EMP1858,Heidi,Johnson,25.0,heidi.johnson@example.com,3176-539-704,False,859
EMP1859,Grace,Davis,35.0,grace.davis@example.com,4873-961-028,False,860
EMP1860,Heidi,Brown,40.0,heidi.brown@example.com,8718-274-95,False,861
EMP1861,David,Smith,25.0,david.smith@example.com,8049-187-273,False,862
EMP1862,Frank,Johnson,35.0,frank.johnson@example.com,2049-561-212,True,863
EMP1863,Bob,Johnson,35.0,bob.johnson@example.com,7730-626-041,False,864
EMP1864,David,Brown,30.0,david.brown@example.com,3597-371-121,False,865
EMP1865,Bob,Smith,35.0,bob.smith@example.com,2990-775-607,True,866
EMP1866,David,Jones,25.0,david.jones@example.com,5816-704-685,False,867
EMP1867,Eva,Miller,40.0,eva.miller@example.com,1114-576-831,True,868
EMP1868,Alice,Davis,40.0,alice.davis@example.com,1021-923-784,False,869
EMP1869,Charlie,Miller,,charlie.miller@example.com,8471-296-179,True,870
EMP1870,Heidi,Jones,,heidi.jones@example.com,3324-260-507,False,871
EMP1871,Alice,Garcia,35.0,alice.garcia@example.com,1849-804-24,True,872
EMP1872,Bob,Johnson,25.0,bob.johnson@example.com,3733-777-311,False,873
EMP1873,Frank,Smith,40.0,frank.smith@example.com,6881-228-216,False,874
EMP1874,David,Johnson,25.0,david.johnson@example.com,8192-365-345,True,875
EMP1875,Grace,Williams,30.0,grace.williams@example.com,6056-035-66,True,876
EMP1876,Alice,Johnson,30.0,alice.johnson@example.com,9327-986-238,True,877
EMP1877,Heidi,Johnson,25.0,heidi.johnson@example.com,8471-690-617,True,878
EMP1878,Eva,Jones,40.0,eva.jones@example.com,1205-464-753,False,879
EMP1879,Heidi,Jones,40.0,heidi.jones@example.com,8954-787-697,False,880
EMP1880,Heidi,Jones,,heidi.jones@example.com,9992-751-757,True,881
EMP1881,David,Miller,25.0,david.miller@example.com,8914-444-982,False,882
EMP1882,David,Williams,40.0,david.williams@example.com,5539-354-357,True,883
EMP1883,Charlie,Garcia,40.0,charlie.garcia@example.com,6449-639-242,True,884
EMP1884,Frank,Garcia,35.0,frank.garcia@example.com,5885-379-820,False,885
EMP1885,Heidi,Jones,25.0,heidi.jones@example.com,4339-527-535,False,886
EMP1886,Heidi,Smith,,heidi.smith@example.com,7497-852-490,False,887
EMP1887,Grace,Miller,30.0,grace.miller@example.com,4168-601-346,False,888
EMP1888,Bob,Brown,30.0,bob.brown@example.com,7894-896-339,False,889
EMP1889,Heidi,Smith,25.0,heidi.smith@example.com,6791-766-511,False,890
EMP1890,Charlie,Davis,40.0,charlie.davis@example.com,2150-014-187,False,891
EMP1891,Charlie,Davis,25.0,charlie.davis@example.com,4216-309-000,True,892
EMP1892,Heidi,Smith,40.0,heidi.smith@example.com,5944-633-398,True,893
EMP1893,Charlie,Jones,,charlie.jones@example.com,9485-320-894,True,894
EMP1894,David,Brown,,david.brown@example.com,3263-890-218,True,895
EMP1895,David,Brown,30.0,david.brown@example.com,9471-136-336,True,896
EMP1896,Charlie,Miller,,charlie.miller@example.com,9223-410-345,False,897
EMP1897,Alice,Brown,40.0,alice.brown@example.com,9967-331-166,True,898
EMP1898,Heidi,Davis,40.0,heidi.davis@example.com,7269-608-436,True,899
EMP1899,David,Williams,30.0,david.williams@example.com,6855-078-966,True,900
EMP1900,Eva,Jones,30.0,eva.jones@example.com,9352-196-262,True,901
EMP1901,Heidi,Brown,30.0,heidi.brown@example.com,3556-434-368,True,902
EMP1902,Alice,Miller,25.0,alice.miller@example.com,7093-170-694,True,903
EMP1903,Eva,Davis,,eva.davis@example.com,5607-676-163,True,904
EMP1904,Frank,Williams,25.0,frank.williams@example.com,5345-472-238,False,905
EMP1905,Heidi,Johnson,,heidi.johnson@example.com,8983-065-030,False,906
EMP1906,David,Johnson,30.0,david.johnson@example.com,2198-041-846,True,907
EMP1907,David,Williams,30.0,david.williams@example.com,2426-423-641,False,908
EMP1908,Bob,Davis,35.0,bob.davis@example.com,8131-909-247,False,909
EMP1909,Eva,Miller,40.0,eva.miller@example.com,7623-039-110,False,910
EMP1910,Bob,Williams,30.0,bob.williams@example.com,4281-785-227,False,911
EMP1911,Bob,Jones,25.0,bob.jones@example.com,2305-248-087,True,912
EMP1912,David,Jones,,david.jones@example.com,6220-722-38,False,913
EMP1913,Charlie,Johnson,40.0,charlie.johnson@example.com,5947-372-131,False,914
EMP1914,Bob,Brown,25.0,bob.brown@example.com,9016-204-786,False,915
EMP1915,Frank,Miller,40.0,frank.miller@example.com,6886-878-598,True,916
EMP1916,Eva,Johnson,,eva.johnson@example.com,6486-287-202,True,917
EMP1917,Eva,Brown,25.0,eva.brown@example.com,1954-196-663,True,918
EMP1918,Charlie,Brown,,charlie.brown@example.com,5057-303-626,True,919
EMP1919,Charlie,Garcia,30.0,charlie.garcia@example.com,9246-320-373,True,920
EMP1920,Frank,Jones,30.0,frank.jones@example.com,7677-537-259,True,921
EMP1921,Charlie,Davis,35.0,charlie.davis@example.com,3214-505-765,True,922
EMP1922,Grace,Smith,40.0,grace.smith@example.com,1945-887-070,False,923
EMP1923,Frank,Davis,35.0,frank.davis@example.com,5534-820-127,False,924
EMP1924,Heidi,Smith,35.0,heidi.smith@example.com,4008-385-075,False,925
EMP1925,Bob,Williams,35.0,bob.williams@example.com,5975-954-507,True,926
EMP1926,Frank,Jones,25.0,frank.jones@example.com,9177-680-897,True,927
EMP1927,Eva,Brown,30.0,eva.brown@example.com,1265-742-230,True,928
EMP1928,Bob,Miller,,bob.miller@example.com,9646-300-401,True,929
EMP1929,Alice,Smith,35.0,alice.smith@example.com,3693-626-893,True,930
EMP1930,Alice,Davis,35.0,alice.davis@example.com,3012-047-136,False,931
EMP1931,Heidi,Brown,40.0,heidi.brown@example.com,2711-759-573,False,932
EMP1932,Grace,Smith,30.0,grace.smith@example.com,9885-582-983,True,933
EMP1933,Frank,Smith,25.0,frank.smith@example.com,9330-674-583,True,934
EMP1934,Grace,Garcia,30.0,grace.garcia@example.com,7609-441-282,True,935
EMP1935,Charlie,Smith,40.0,charlie.smith@example.com,3372-188-565,True,936
EMP1936,Eva,Miller,40.0,eva.miller@example.com,6954-132-970,False,937
EMP1937,Eva,Jones,35.0,eva.jones@example.com,5066-626-704,True,938
EMP1938,Grace,Miller,30.0,grace.miller@example.com,5143-776-935,True,939
EMP1939,Heidi,Johnson,25.0,heidi.johnson@example.com,6343-925-294,True,940
EMP1940,Eva,Brown,40.0,eva.brown@example.com,9611-110-285,True,941
EMP1941,Eva,Jones,30.0,eva.jones@example.com,7120-072-023,False,942
EMP1942,Frank,Garcia,30.0,frank.garcia@example.com,5591-024-509,True,943
EMP1943,Alice,Jones,35.0,alice.jones@example.com,9109-032-670,True,944
EMP1944,Charlie,Jones,25.0,charlie.jones@example.com,4949-819-420,False,945
EMP1945,Eva,Davis,35.0,eva.davis@example.com,7942-817-933,False,946
EMP1946,Charlie,Jones,25.0,charlie.jones@example.com,6527-758-43,False,947
EMP1947,Charlie,Garcia,25.0,charlie.garcia@example.com,6634-533-721,True,948
EMP1948,Bob,Miller,40.0,bob.miller@example.com,1091-217-21,True,949
EMP1949,Frank,Jones,35.0,frank.jones@example.com,1455-937-660,False,950
EMP1950,Frank,Williams,30.0,frank.williams@example.com,8943-705-262,False,951
EMP1951,Charlie,Brown,30.0,charlie.brown@example.com,5100-462-775,False,952
EMP1952,Bob,Jones,25.0,bob.jones@example.com,5725-659-201,False,953
EMP1953,Alice,Brown,40.0,alice.brown@example.com,4617-520-237,False,954
EMP1954,Bob,Williams,25.0,bob.williams@example.com,9743-260-054,False,955
EMP1955,Bob,Williams,30.0,bob.williams@example.com,9550-178-331,True,956
EMP1956,David,Brown,,david.brown@example.com,5848-689-992,True,957
EMP1957,David,Smith,30.0,david.smith@example.com,6079-848-703,True,958
EMP1958,David,Johnson,,david.johnson@example.com,5069-176-798,False,959
EMP1959,Bob,Davis,30.0,bob.davis@example.com,3593-744-038,False,960
EMP1960,Frank,Smith,25.0,frank.smith@example.com,4640-830-372,False,961
EMP1961,Eva,Smith,,eva.smith@example.com,6060-148-859,False,962
EMP1962,Heidi,Miller,,heidi.miller@example.com,8490-793-883,False,963
EMP1963,Eva,Davis,40.0,eva.davis@example.com,1368-528-305,False,964
EMP1964,Heidi,Davis,25.0,heidi.davis@example.com,1537-012-423,True,965
EMP1965,Grace,Smith,40.0,grace.smith@example.com,4626-325-143,True,966
EMP1966,Bob,Jones,35.0,bob.jones@example.com,8811-210-313,False,967
EMP1967,David,Miller,40.0,david.miller@example.com,2175-188-780,True,968
EMP1968,Eva,Miller,40.0,eva.miller@example.com,7941-515-262,False,969
EMP1969,Eva,Williams,30.0,eva.williams@example.com,8409-112-251,True,970
EMP1970,Charlie,Garcia,25.0,charlie.garcia@example.com,8837-505-660,False,971
EMP1971,Charlie,Davis,40.0,charlie.davis@example.com,8632-397-912,False,972
EMP1972,Bob,Smith,,bob.smith@example.com,7876-553-006,True,973
EMP1973,Eva,Williams,,eva.williams@example.com,3095-055-604,True,974
EMP1974,Grace,Brown,25.0,grace.brown@example.com,7121-988-191,False,975
EMP1975,Alice,Johnson,30.0,alice.johnson@example.com,7788-519-052,False,976
EMP1976,Charlie,Garcia,35.0,charlie.garcia@example.com,4864-010-423,True,977
EMP1977,Heidi,Garcia,40.0,heidi.garcia@example.com,6245-618-516,True,978
EMP1978,Grace,Garcia,,grace.garcia@example.com,4460-045-211,False,979
EMP1979,Charlie,Miller,35.0,charlie.miller@example.com,8991-511-454,True,980
EMP1980,Grace,Brown,25.0,grace.brown@example.com,1293-913-043,False,981
EMP1981,David,Garcia,30.0,david.garcia@example.com,8818-984-840,False,982
EMP1982,Eva,Brown,25.0,eva.brown@example.com,6046-154-020,False,983
EMP1983,Grace,Jones,,grace.jones@example.com,1901-707-567,False,984
EMP1984,Frank,Garcia,40.0,frank.garcia@example.com,1429-831-521,True,985
EMP1985,David,Johnson,35.0,david.johnson@example.com,9107-322-835,True,986
EMP1986,Grace,Brown,30.0,grace.brown@example.com,8493-783-05,True,987
EMP1987,Eva,Brown,25.0,eva.brown@example.com,3963-845-268,True,988
EMP1988,Bob,Johnson,,bob.johnson@example.com,6944-391-648,True,989
EMP1989,Heidi,Garcia,40.0,heidi.garcia@example.com,7016-934-291,True,990
EMP1990,Eva,Johnson,40.0,eva.johnson@example.com,9132-033-015,True,991
EMP1991,Heidi,Brown,,heidi.brown@example.com,2341-903-105,False,992
EMP1992,Heidi,Johnson,30.0,heidi.johnson@example.com,1537-221-555,True,993
EMP1993,Grace,Brown,,grace.brown@example.com,6847-323-652,True,994
EMP1994,David,Brown,30.0,david.brown@example.com,3774-604-066,False,995
EMP1995,Bob,Jones,30.0,bob.jones@example.com,2007-843-613,True,996
EMP1996,David,Smith,40.0,david.smith@example.com,2442-607-818,True,997
EMP1997,Eva,Brown,40.0,eva.brown@example.com,7543-734-763,False,998
EMP1998,Charlie,Garcia,35.0,charlie.garcia@example.com,2737-203-762,True,999
EMP1999,Charlie,Williams,25.0,charlie.williams@example.com,8821-458-413,True,1000
EMP2000,Charlie,Miller,25.0,charlie.miller@example.com,8460-191-343,True,1001
EMP2001,Eva,Davis,30.0,eva.davis@example.com,3899-827-801,False,1002
EMP2002,Bob,Smith,35.0,bob.smith@example.com,5869-507-31,True,1003
EMP2003,Frank,Smith,35.0,frank.smith@example.com,1464-493-698,True,1004
EMP2004,Grace,Smith,25.0,grace.smith@example.com,9516-793-349,False,1005
EMP2005,Frank,Jones,30.0,frank.jones@example.com,5573-857-367,True,1006
EMP2006,Grace,Brown,,grace.brown@example.com,1192-360-36,False,1007
EMP2007,Charlie,Jones,35.0,charlie.jones@example.com,6811-872-332,False,1008
EMP2008,Grace,Brown,35.0,grace.brown@example.com,5104-096-148,True,1009
EMP2009,David,Garcia,,david.garcia@example.com,7315-391-148,False,1010
EMP2010,Bob,Jones,35.0,bob.jones@example.com,8307-482-072,False,1011
EMP2011,David,Jones,40.0,david.jones@example.com,6511-893-939,True,1012
EMP2012,Grace,Miller,35.0,grace.miller@example.com,6557-820-189,False,1013
EMP2013,Eva,Williams,,eva.williams@example.com,4322-302-332,False,1014
EMP2014,Grace,Jones,30.0,grace.jones@example.com,2470-739-200,True,1015
EMP2015,David,Miller,30.0,david.miller@example.com,3546-212-759,True,1016
EMP2016,David,Johnson,30.0,david.johnson@example.com,2508-261-122,True,1017
EMP2017,Charlie,Williams,40.0,charlie.williams@example.com,1261-632-487,False,1018
EMP2018,Alice,Garcia,30.0,alice.garcia@example.com,8995-729-892,True,1019
EMP2019,Heidi,Jones,30.0,heidi.jones@example.com,7629-745-492,False,1020
